{"xy_sens": 5.0, "targeting_sens": 1.0, "xy_scale": 0.03076923076923077, "targeting_scale": 0.4197802197802198}